<?xml version="1.0" encoding="utf-8" ?>
<dwsync>
<file name="lang-apollo.js" server="ftp.netplin.com/public_html/" local="131633948597485292" remote="131131116000000000" Dst="0" />
<file name="lang-css.js" server="ftp.netplin.com/public_html/" local="131633948599025459" remote="131131116000000000" Dst="0" />
<file name="lang-clj.js" server="ftp.netplin.com/public_html/" local="131633948599120492" remote="131131116000000000" Dst="0" />
<file name="lang-go.js" server="ftp.netplin.com/public_html/" local="131633948602945973" remote="131131116000000000" Dst="0" />
<file name="lang-hs.js" server="ftp.netplin.com/public_html/" local="131633948604511163" remote="131131116000000000" Dst="0" />
<file name="lang-lisp.js" server="ftp.netplin.com/public_html/" local="131633948604646171" remote="131131116000000000" Dst="0" />
<file name="lang-lua.js" server="ftp.netplin.com/public_html/" local="131633948608366630" remote="131131116000000000" Dst="0" />
<file name="lang-ml.js" server="ftp.netplin.com/public_html/" local="131633948610036842" remote="131131116000000000" Dst="0" />
<file name="lang-n.js" server="ftp.netplin.com/public_html/" local="131633948610086861" remote="131131116000000000" Dst="0" />
<file name="lang-proto.js" server="ftp.netplin.com/public_html/" local="131633948613852335" remote="131131116000000000" Dst="0" />
<file name="lang-scala.js" server="ftp.netplin.com/public_html/" local="131633948615432525" remote="131131116000000000" Dst="0" />
<file name="lang-sql.js" server="ftp.netplin.com/public_html/" local="131633948615577542" remote="131131116000000000" Dst="0" />
<file name="lang-tex.js" server="ftp.netplin.com/public_html/" local="131633948619353011" remote="131131116000000000" Dst="0" />
<file name="lang-vb.js" server="ftp.netplin.com/public_html/" local="131633948620958211" remote="131131116000000000" Dst="0" />
<file name="lang-vhdl.js" server="ftp.netplin.com/public_html/" local="131633948621048233" remote="131131116000000000" Dst="0" />
<file name="lang-wiki.js" server="ftp.netplin.com/public_html/" local="131633948624838701" remote="131131116000000000" Dst="0" />
<file name="lang-yaml.js" server="ftp.netplin.com/public_html/" local="131633948626528925" remote="131131116000000000" Dst="0" />
<file name="lang-xq.js" server="ftp.netplin.com/public_html/" local="131633948627769069" remote="131131116000000000" Dst="0" />
<file name="prettify.min.js" server="ftp.netplin.com/public_html/" local="131633948630444414" remote="131131116000000000" Dst="0" />
<file name="lang-apollo.js" server="files.000webhost.com/public_html/" local="131633948597485292" remote="131775265800000000" Dst="0" />
<file name="lang-clj.js" server="files.000webhost.com/public_html/" local="131633948599120492" remote="131775265800000000" Dst="0" />
<file name="lang-css.js" server="files.000webhost.com/public_html/" local="131633948599025459" remote="131775265800000000" Dst="0" />
<file name="lang-go.js" server="files.000webhost.com/public_html/" local="131633948602945973" remote="131775265800000000" Dst="0" />
<file name="lang-hs.js" server="files.000webhost.com/public_html/" local="131633948604511163" remote="131775265800000000" Dst="0" />
<file name="lang-lisp.js" server="files.000webhost.com/public_html/" local="131633948604646171" remote="131775265800000000" Dst="0" />
<file name="lang-lua.js" server="files.000webhost.com/public_html/" local="131633948608366630" remote="131775265800000000" Dst="0" />
<file name="lang-ml.js" server="files.000webhost.com/public_html/" local="131633948610036842" remote="131775265800000000" Dst="0" />
<file name="lang-n.js" server="files.000webhost.com/public_html/" local="131633948610086861" remote="131775265800000000" Dst="0" />
<file name="lang-proto.js" server="files.000webhost.com/public_html/" local="131633948613852335" remote="131775265800000000" Dst="0" />
<file name="lang-scala.js" server="files.000webhost.com/public_html/" local="131633948615432525" remote="131775265800000000" Dst="0" />
<file name="lang-sql.js" server="files.000webhost.com/public_html/" local="131633948615577542" remote="131775265800000000" Dst="0" />
<file name="lang-tex.js" server="files.000webhost.com/public_html/" local="131633948619353011" remote="131775265800000000" Dst="0" />
<file name="lang-vb.js" server="files.000webhost.com/public_html/" local="131633948620958211" remote="131775265800000000" Dst="0" />
<file name="lang-vhdl.js" server="files.000webhost.com/public_html/" local="131633948621048233" remote="131775265800000000" Dst="0" />
<file name="lang-wiki.js" server="files.000webhost.com/public_html/" local="131633948624838701" remote="131775265800000000" Dst="0" />
<file name="lang-xq.js" server="files.000webhost.com/public_html/" local="131633948627769069" remote="131775265800000000" Dst="0" />
<file name="lang-yaml.js" server="files.000webhost.com/public_html/" local="131633948626528925" remote="131775265800000000" Dst="0" />
<file name="prettify.min.js" server="files.000webhost.com/public_html/" local="131633948630444414" remote="131775265800000000" Dst="0" />
<file name="lang-apollo.js" server="ftp.netplin.com/public_html/app/mytest/" local="131633948597485292" remote="131775405000000000" Dst="0" />
<file name="lang-clj.js" server="ftp.netplin.com/public_html/app/mytest/" local="131633948599120492" remote="131775405000000000" Dst="0" />
<file name="lang-css.js" server="ftp.netplin.com/public_html/app/mytest/" local="131633948599025459" remote="131775405000000000" Dst="0" />
<file name="lang-go.js" server="ftp.netplin.com/public_html/app/mytest/" local="131633948602945973" remote="131775405000000000" Dst="0" />
<file name="lang-hs.js" server="ftp.netplin.com/public_html/app/mytest/" local="131633948604511163" remote="131775405000000000" Dst="0" />
<file name="lang-lisp.js" server="ftp.netplin.com/public_html/app/mytest/" local="131633948604646171" remote="131775405000000000" Dst="0" />
<file name="lang-lua.js" server="ftp.netplin.com/public_html/app/mytest/" local="131633948608366630" remote="131775405000000000" Dst="0" />
<file name="lang-n.js" server="ftp.netplin.com/public_html/app/mytest/" local="131633948610086861" remote="131775405000000000" Dst="0" />
<file name="lang-ml.js" server="ftp.netplin.com/public_html/app/mytest/" local="131633948610036842" remote="131775405000000000" Dst="0" />
<file name="lang-proto.js" server="ftp.netplin.com/public_html/app/mytest/" local="131633948613852335" remote="131775405000000000" Dst="0" />
<file name="lang-sql.js" server="ftp.netplin.com/public_html/app/mytest/" local="131633948615577542" remote="131775405000000000" Dst="0" />
<file name="lang-tex.js" server="ftp.netplin.com/public_html/app/mytest/" local="131633948619353011" remote="131775405000000000" Dst="0" />
<file name="lang-scala.js" server="ftp.netplin.com/public_html/app/mytest/" local="131633948615432525" remote="131775405000000000" Dst="0" />
<file name="lang-vb.js" server="ftp.netplin.com/public_html/app/mytest/" local="131633948620958211" remote="131775405000000000" Dst="0" />
<file name="lang-vhdl.js" server="ftp.netplin.com/public_html/app/mytest/" local="131633948621048233" remote="131775405000000000" Dst="0" />
<file name="lang-wiki.js" server="ftp.netplin.com/public_html/app/mytest/" local="131633948624838701" remote="131775405000000000" Dst="0" />
<file name="prettify.min.js" server="ftp.netplin.com/public_html/app/mytest/" local="131633948630444414" remote="131775405000000000" Dst="0" />
<file name="lang-yaml.js" server="ftp.netplin.com/public_html/app/mytest/" local="131633948626528925" remote="131775405000000000" Dst="0" />
<file name="lang-xq.js" server="ftp.netplin.com/public_html/app/mytest/" local="131633948627769069" remote="131775405000000000" Dst="0" />
</dwsync>