<?xml version="1.0" encoding="utf-8" ?>
<dwsync>
<file name="grab.cur" server="ftp.netplin.com/public_html/" local="131633948528111572" remote="131131116000000000" Dst="0" />
<file name="hand.cur" server="ftp.netplin.com/public_html/" local="131633948532142078" remote="131131116000000000" Dst="0" />
<file name="iviewer.rotate_left.png" server="ftp.netplin.com/public_html/" local="131633948533582262" remote="131131116000000000" Dst="0" />
<file name="iviewer.rotate_right.png" server="ftp.netplin.com/public_html/" local="131633948533682265" remote="131131116000000000" Dst="0" />
<file name="iviewer.zoom_fit.png" server="ftp.netplin.com/public_html/" local="131633948537512744" remote="131131116000000000" Dst="0" />
<file name="iviewer.zoom_fit2.gif" server="ftp.netplin.com/public_html/" local="131633948539052939" remote="131131116000000000" Dst="0" />
<file name="iviewer.zoom_in.png" server="ftp.netplin.com/public_html/" local="131633948539222965" remote="131131116000000000" Dst="0" />
<file name="iviewer.zoom_in2.gif" server="ftp.netplin.com/public_html/" local="131633948542983434" remote="131131116000000000" Dst="0" />
<file name="iviewer.zoom_out.png" server="ftp.netplin.com/public_html/" local="131633948544623639" remote="131131116000000000" Dst="0" />
<file name="iviewer.zoom_out2.gif" server="ftp.netplin.com/public_html/" local="131633948544743654" remote="131131116000000000" Dst="0" />
<file name="iviewer.zoom_zero.png" server="ftp.netplin.com/public_html/" local="131633948548589125" remote="131131116000000000" Dst="0" />
<file name="iviewer.zoom_zero2.gif" server="ftp.netplin.com/public_html/" local="131633948550194361" remote="131131116000000000" Dst="0" />
<file name="grab.cur" server="files.000webhost.com/public_html/" local="131633948528111572" remote="131775265800000000" Dst="0" />
<file name="hand.cur" server="files.000webhost.com/public_html/" local="131633948532142078" remote="131775265800000000" Dst="0" />
<file name="iviewer.rotate_right.png" server="files.000webhost.com/public_html/" local="131633948533682265" remote="131775265800000000" Dst="0" />
<file name="iviewer.zoom_fit.png" server="files.000webhost.com/public_html/" local="131633948537512744" remote="131775265800000000" Dst="0" />
<file name="iviewer.rotate_left.png" server="files.000webhost.com/public_html/" local="131633948533582262" remote="131775265800000000" Dst="0" />
<file name="iviewer.zoom_in.png" server="files.000webhost.com/public_html/" local="131633948539222965" remote="131775265800000000" Dst="0" />
<file name="iviewer.zoom_in2.gif" server="files.000webhost.com/public_html/" local="131633948542983434" remote="131775265800000000" Dst="0" />
<file name="iviewer.zoom_fit2.gif" server="files.000webhost.com/public_html/" local="131633948539052939" remote="131775265800000000" Dst="0" />
<file name="iviewer.zoom_out2.gif" server="files.000webhost.com/public_html/" local="131633948544743654" remote="131775265800000000" Dst="0" />
<file name="iviewer.zoom_zero.png" server="files.000webhost.com/public_html/" local="131633948548589125" remote="131775265800000000" Dst="0" />
<file name="iviewer.zoom_out.png" server="files.000webhost.com/public_html/" local="131633948544623639" remote="131775265800000000" Dst="0" />
<file name="iviewer.zoom_zero2.gif" server="files.000webhost.com/public_html/" local="131633948550194361" remote="131775265800000000" Dst="0" />
<file name="hand.cur" server="ftp.netplin.com/public_html/app/mytest/" local="131633948532142078" remote="131775404400000000" Dst="0" />
<file name="grab.cur" server="ftp.netplin.com/public_html/app/mytest/" local="131633948528111572" remote="131775404400000000" Dst="0" />
<file name="iviewer.zoom_fit.png" server="ftp.netplin.com/public_html/app/mytest/" local="131633948537512744" remote="131775404400000000" Dst="0" />
<file name="iviewer.rotate_left.png" server="ftp.netplin.com/public_html/app/mytest/" local="131633948533582262" remote="131775404400000000" Dst="0" />
<file name="iviewer.rotate_right.png" server="ftp.netplin.com/public_html/app/mytest/" local="131633948533682265" remote="131775404400000000" Dst="0" />
<file name="iviewer.zoom_in2.gif" server="ftp.netplin.com/public_html/app/mytest/" local="131633948542983434" remote="131775404400000000" Dst="0" />
<file name="iviewer.zoom_fit2.gif" server="ftp.netplin.com/public_html/app/mytest/" local="131633948539052939" remote="131775404400000000" Dst="0" />
<file name="iviewer.zoom_in.png" server="ftp.netplin.com/public_html/app/mytest/" local="131633948539222965" remote="131775404400000000" Dst="0" />
<file name="iviewer.zoom_zero.png" server="ftp.netplin.com/public_html/app/mytest/" local="131633948548589125" remote="131775405000000000" Dst="0" />
<file name="iviewer.zoom_out.png" server="ftp.netplin.com/public_html/app/mytest/" local="131633948544623639" remote="131775405000000000" Dst="0" />
<file name="iviewer.zoom_out2.gif" server="ftp.netplin.com/public_html/app/mytest/" local="131633948544743654" remote="131775405000000000" Dst="0" />
<file name="iviewer.zoom_zero2.gif" server="ftp.netplin.com/public_html/app/mytest/" local="131633948550194361" remote="131775405000000000" Dst="0" />
</dwsync>