<?xml version="1.0" encoding="utf-8" ?>
<dwsync>
<file name="SVGPan.js" server="ftp.netplin.com/public_html/" local="131633948557050191" remote="131131116000000000" Dst="0" />
<file name="bootstrap.js" server="ftp.netplin.com/public_html/" local="131633948559985570" remote="131131116000000000" Dst="0" />
<file name="bootstrap.min.js" server="ftp.netplin.com/public_html/" local="131633948562225849" remote="131131116000000000" Dst="0" />
<file name="jquery-1.4.2.min.js" server="ftp.netplin.com/public_html/" local="131633948566621403" remote="131131116000000000" Dst="0" />
<file name="jquery.cookie.js" server="ftp.netplin.com/public_html/" local="131633948572547151" remote="131131116000000000" Dst="0" />
<file name="jquery-1.7.1.min.js" server="ftp.netplin.com/public_html/" local="131633948574157348" remote="131131116000000000" Dst="0" />
<file name="jquery-ui-1.8.2.custom.min.js" server="ftp.netplin.com/public_html/" local="131633948574877451" remote="131131116000000000" Dst="0" />
<file name="jquery.iviewer.js" server="ftp.netplin.com/public_html/" local="131633948579598024" remote="131131116000000000" Dst="0" />
<file name="jquery.iviewer.min.js" server="ftp.netplin.com/public_html/" local="131633948579943069" remote="131131116000000000" Dst="0" />
<file name="jquery.mousewheel.min.js" server="ftp.netplin.com/public_html/" local="131633948580683183" remote="131131116000000000" Dst="0" />
<file name="jquery.splitter.js" server="ftp.netplin.com/public_html/" local="131633948586148848" remote="131131116000000000" Dst="0" />
<file name="jquery.panzoom.js" server="ftp.netplin.com/public_html/" local="131633948587394003" remote="131131116000000000" Dst="0" />
<file name="jquery.tools.min.js" server="ftp.netplin.com/public_html/" local="131633948591239496" remote="131131116000000000" Dst="0" />
<file name="jquery.treeview.js" server="ftp.netplin.com/public_html/" local="131633948593544794" remote="131131116000000000" Dst="0" />
<file name="menu.js" server="ftp.netplin.com/public_html/" local="131633948593579792" remote="131131116000000000" Dst="0" />
<file name="sidebar.js" server="ftp.netplin.com/public_html/" local="131633948633259764" remote="131131116000000000" Dst="0" />
<file name="template.js" server="ftp.netplin.com/public_html/" local="131633948633264755" remote="131131116000000000" Dst="0" />
<file name="bootstrap.min.js" server="files.000webhost.com/public_html/" local="131633948562225849" remote="131775265800000000" Dst="0" />
<file name="jquery-1.4.2.min.js" server="files.000webhost.com/public_html/" local="131633948566621403" remote="131775265800000000" Dst="0" />
<file name="bootstrap.js" server="files.000webhost.com/public_html/" local="131633948559985570" remote="131775265800000000" Dst="0" />
<file name="jquery.cookie.js" server="files.000webhost.com/public_html/" local="131633948572547151" remote="131775265800000000" Dst="0" />
<file name="jquery.iviewer.js" server="files.000webhost.com/public_html/" local="131633948579598024" remote="131775265800000000" Dst="0" />
<file name="jquery.iviewer.min.js" server="files.000webhost.com/public_html/" local="131633948579943069" remote="131775265800000000" Dst="0" />
<file name="jquery-1.7.1.min.js" server="files.000webhost.com/public_html/" local="131633948574157348" remote="131775265800000000" Dst="0" />
<file name="jquery-ui-1.8.2.custom.min.js" server="files.000webhost.com/public_html/" local="131633948574877451" remote="131775265800000000" Dst="0" />
<file name="jquery.mousewheel.min.js" server="files.000webhost.com/public_html/" local="131633948580683183" remote="131775265800000000" Dst="0" />
<file name="jquery.panzoom.js" server="files.000webhost.com/public_html/" local="131633948587394003" remote="131775265800000000" Dst="0" />
<file name="jquery.splitter.js" server="files.000webhost.com/public_html/" local="131633948586148848" remote="131775265800000000" Dst="0" />
<file name="jquery.treeview.js" server="files.000webhost.com/public_html/" local="131633948593544794" remote="131775265800000000" Dst="0" />
<file name="jquery.tools.min.js" server="files.000webhost.com/public_html/" local="131633948591239496" remote="131775265800000000" Dst="0" />
<file name="menu.js" server="files.000webhost.com/public_html/" local="131633948593579792" remote="131775265800000000" Dst="0" />
<file name="sidebar.js" server="files.000webhost.com/public_html/" local="131633948633259764" remote="131775265800000000" Dst="0" />
<file name="SVGPan.js" server="files.000webhost.com/public_html/" local="131633948557050191" remote="131775265800000000" Dst="0" />
<file name="template.js" server="files.000webhost.com/public_html/" local="131633948633264755" remote="131775265800000000" Dst="0" />
<file name="bootstrap.min.js" server="ftp.netplin.com/public_html/app/mytest/" local="131633948562225849" remote="131775405000000000" Dst="0" />
<file name="jquery-1.4.2.min.js" server="ftp.netplin.com/public_html/app/mytest/" local="131633948566621403" remote="131775405000000000" Dst="0" />
<file name="bootstrap.js" server="ftp.netplin.com/public_html/app/mytest/" local="131633948559985570" remote="131775405000000000" Dst="0" />
<file name="jquery.cookie.js" server="ftp.netplin.com/public_html/app/mytest/" local="131633948572547151" remote="131775405000000000" Dst="0" />
<file name="jquery.iviewer.js" server="ftp.netplin.com/public_html/app/mytest/" local="131633948579598024" remote="131775405000000000" Dst="0" />
<file name="jquery.iviewer.min.js" server="ftp.netplin.com/public_html/app/mytest/" local="131633948579943069" remote="131775405000000000" Dst="0" />
<file name="jquery-1.7.1.min.js" server="ftp.netplin.com/public_html/app/mytest/" local="131633948574157348" remote="131775405000000000" Dst="0" />
<file name="jquery-ui-1.8.2.custom.min.js" server="ftp.netplin.com/public_html/app/mytest/" local="131633948574877451" remote="131775405000000000" Dst="0" />
<file name="jquery.mousewheel.min.js" server="ftp.netplin.com/public_html/app/mytest/" local="131633948580683183" remote="131775405000000000" Dst="0" />
<file name="jquery.panzoom.js" server="ftp.netplin.com/public_html/app/mytest/" local="131633948587394003" remote="131775405000000000" Dst="0" />
<file name="jquery.splitter.js" server="ftp.netplin.com/public_html/app/mytest/" local="131633948586148848" remote="131775405000000000" Dst="0" />
<file name="jquery.tools.min.js" server="ftp.netplin.com/public_html/app/mytest/" local="131633948591239496" remote="131775405000000000" Dst="0" />
<file name="jquery.treeview.js" server="ftp.netplin.com/public_html/app/mytest/" local="131633948593544794" remote="131775405000000000" Dst="0" />
<file name="menu.js" server="ftp.netplin.com/public_html/app/mytest/" local="131633948593579792" remote="131775405000000000" Dst="0" />
<file name="sidebar.js" server="ftp.netplin.com/public_html/app/mytest/" local="131633948633259764" remote="131775405000000000" Dst="0" />
<file name="SVGPan.js" server="ftp.netplin.com/public_html/app/mytest/" local="131633948557050191" remote="131775405000000000" Dst="0" />
<file name="template.js" server="ftp.netplin.com/public_html/app/mytest/" local="131633948633264755" remote="131775405000000000" Dst="0" />
</dwsync>