<?xml version="1.0" encoding="utf-8" ?>
<dwsync>
<file name=".gitignore" server="ftp.netplin.com/public_html/" local="131633948381664899" remote="131131116000000000" Dst="0" />
<file name=".scrutinizer.yml" server="ftp.netplin.com/public_html/" local="131633948382014970" remote="131131116000000000" Dst="0" />
<file name=".travis.yml" server="ftp.netplin.com/public_html/" local="131633948384525257" remote="131131116000000000" Dst="0" />
<file name="LICENSE" server="ftp.netplin.com/public_html/" local="131633948388360748" remote="131131116000000000" Dst="0" />
<file name="README" server="ftp.netplin.com/public_html/" local="131633948390476233" remote="131131116000000000" Dst="0" />
<file name="changelog.md" server="ftp.netplin.com/public_html/" local="131633948395661887" remote="131131116000000000" Dst="0" />
<file name="changelog.txt" server="ftp.netplin.com/public_html/" local="131633948400017453" remote="131131116000000000" Dst="0" />
<file name="PHPMailer_5.2.4.zip" server="ftp.netplin.com/public_html/" local="131633948401142572" remote="131131116000000000" Dst="0" />
<file name="class.phpmaileroauth.php" server="ftp.netplin.com/public_html/" local="131633948405448141" remote="131131116000000000" Dst="0" />
<file name="class.phpmailer.php" server="ftp.netplin.com/public_html/" local="131633948407033315" remote="131131116000000000" Dst="0" />
<file name="class.phpmaileroauthgoogle.php" server="ftp.netplin.com/public_html/" local="131633948408443506" remote="131131116000000000" Dst="0" />
<file name="class.pop3.php" server="ftp.netplin.com/public_html/" local="131633948410888803" remote="131131116000000000" Dst="0" />
<file name="class.smtp.php" server="ftp.netplin.com/public_html/" local="131633948414934301" remote="131131116000000000" Dst="0" />
<file name="composer.json" server="ftp.netplin.com/public_html/" local="131633948408913563" remote="131131116000000000" Dst="0" />
<file name="docs.ini" server="ftp.netplin.com/public_html/" local="131633948652897483" remote="131131116000000000" Dst="0" />
<file name=".scrutinizer.yml" server="files.000webhost.com/public_html/" local="131633948382014970" remote="131775265200000000" Dst="0" />
<file name=".gitignore" server="files.000webhost.com/public_html/" local="131633948381664899" remote="131775265200000000" Dst="0" />
<file name=".travis.yml" server="files.000webhost.com/public_html/" local="131633948384525257" remote="131775265200000000" Dst="0" />
<file name="changelog.md" server="files.000webhost.com/public_html/" local="131633948395661887" remote="131775265200000000" Dst="0" />
<file name="changelog.txt" server="files.000webhost.com/public_html/" local="131633948400017453" remote="131775265200000000" Dst="0" />
<file name="class.phpmaileroauth.php" server="files.000webhost.com/public_html/" local="131633948405448141" remote="131775265200000000" Dst="0" />
<file name="class.phpmailer.php" server="files.000webhost.com/public_html/" local="131633948407033315" remote="131775265200000000" Dst="0" />
<file name="class.phpmaileroauthgoogle.php" server="files.000webhost.com/public_html/" local="131633948408443506" remote="131775265200000000" Dst="0" />
<file name="class.pop3.php" server="files.000webhost.com/public_html/" local="131633948410888803" remote="131775265200000000" Dst="0" />
<file name="class.smtp.php" server="files.000webhost.com/public_html/" local="131633948414934301" remote="131775265200000000" Dst="0" />
<file name="composer.json" server="files.000webhost.com/public_html/" local="131633948408913563" remote="131775265200000000" Dst="0" />
<file name="docs.ini" server="files.000webhost.com/public_html/" local="131633948652897483" remote="131775265800000000" Dst="0" />
<file name="README" server="files.000webhost.com/public_html/" local="131633948390476233" remote="131775266400000000" Dst="0" />
<file name="LICENSE" server="files.000webhost.com/public_html/" local="131633948388360748" remote="131775266400000000" Dst="0" />
<file name="PHPMailer_5.2.4.zip" server="files.000webhost.com/public_html/" local="131633948401142572" remote="131775266400000000" Dst="0" />
<file name=".gitignore" server="ftp.netplin.com/public_html/app/mytest/" local="131633948381664899" remote="131775404400000000" Dst="0" />
<file name=".scrutinizer.yml" server="ftp.netplin.com/public_html/app/mytest/" local="131633948382014970" remote="131775404400000000" Dst="0" />
<file name="changelog.md" server="ftp.netplin.com/public_html/app/mytest/" local="131633948395661887" remote="131775404400000000" Dst="0" />
<file name=".travis.yml" server="ftp.netplin.com/public_html/app/mytest/" local="131633948384525257" remote="131775404400000000" Dst="0" />
<file name="changelog.txt" server="ftp.netplin.com/public_html/app/mytest/" local="131633948400017453" remote="131775404400000000" Dst="0" />
<file name="class.phpmaileroauth.php" server="ftp.netplin.com/public_html/app/mytest/" local="131633948405448141" remote="131775404400000000" Dst="0" />
<file name="class.phpmailer.php" server="ftp.netplin.com/public_html/app/mytest/" local="131633948407033315" remote="131775404400000000" Dst="0" />
<file name="class.phpmaileroauthgoogle.php" server="ftp.netplin.com/public_html/app/mytest/" local="131633948408443506" remote="131775404400000000" Dst="0" />
<file name="class.pop3.php" server="ftp.netplin.com/public_html/app/mytest/" local="131633948410888803" remote="131775404400000000" Dst="0" />
<file name="class.smtp.php" server="ftp.netplin.com/public_html/app/mytest/" local="131633948414934301" remote="131775404400000000" Dst="0" />
<file name="composer.json" server="ftp.netplin.com/public_html/app/mytest/" local="131633948408913563" remote="131775404400000000" Dst="0" />
<file name="docs.ini" server="ftp.netplin.com/public_html/app/mytest/" local="131633948652897483" remote="131775405000000000" Dst="0" />
<file name="LICENSE" server="ftp.netplin.com/public_html/app/mytest/" local="131633948388360748" remote="131775405000000000" Dst="0" />
<file name="README" server="ftp.netplin.com/public_html/app/mytest/" local="131633948390476233" remote="131775405000000000" Dst="0" />
<file name="PHPMailer_5.2.4.zip" server="ftp.netplin.com/public_html/app/mytest/" local="131633948401142572" remote="131775405600000000" Dst="0" />
</dwsync>