<?xml version="1.0" encoding="utf-8" ?>
<dwsync>
<file name="Callback_function_notes.txt" server="ftp.netplin.com/public_html/" local="131633948416519503" remote="131131116000000000" Dst="0" />
<file name="DomainKeys_notes.txt" server="ftp.netplin.com/public_html/" local="131633948420394989" remote="131131116000000000" Dst="0" />
<file name="extending.html" server="ftp.netplin.com/public_html/" local="131633948421910451" remote="131131116000000000" Dst="0" />
<file name="Note_for_SMTP_debugging.txt" server="ftp.netplin.com/public_html/" local="131633948423335628" remote="131131116000000000" Dst="0" />
<file name="faq.html" server="ftp.netplin.com/public_html/" local="131633948425825953" remote="131131116000000000" Dst="0" />
<file name="generatedocs.sh" server="ftp.netplin.com/public_html/" local="131633948428881319" remote="131131116000000000" Dst="0" />
<file name="makedocs2.sh" server="ftp.netplin.com/public_html/" local="131633948430631536" remote="131131116000000000" Dst="0" />
<file name="pop3_article.txt" server="ftp.netplin.com/public_html/" local="131633948646036620" remote="131131116000000000" Dst="0" />
<file name="use_gmail.txt" server="ftp.netplin.com/public_html/" local="131633948647306785" remote="131131116000000000" Dst="0" />
<file name="Callback_function_notes.txt" server="files.000webhost.com/public_html/" local="131633948416519503" remote="131775265200000000" Dst="0" />
<file name="DomainKeys_notes.txt" server="files.000webhost.com/public_html/" local="131633948420394989" remote="131775265200000000" Dst="0" />
<file name="faq.html" server="files.000webhost.com/public_html/" local="131633948425825953" remote="131775265200000000" Dst="0" />
<file name="generatedocs.sh" server="files.000webhost.com/public_html/" local="131633948428881319" remote="131775265200000000" Dst="0" />
<file name="extending.html" server="files.000webhost.com/public_html/" local="131633948421910451" remote="131775265200000000" Dst="0" />
<file name="makedocs2.sh" server="files.000webhost.com/public_html/" local="131633948430631536" remote="131775265200000000" Dst="0" />
<file name="Note_for_SMTP_debugging.txt" server="files.000webhost.com/public_html/" local="131633948423335628" remote="131775265200000000" Dst="0" />
<file name="pop3_article.txt" server="files.000webhost.com/public_html/" local="131633948646036620" remote="131775265800000000" Dst="0" />
<file name="use_gmail.txt" server="files.000webhost.com/public_html/" local="131633948647306785" remote="131775265800000000" Dst="0" />
<file name="Callback_function_notes.txt" server="ftp.netplin.com/public_html/app/mytest/" local="131633948416519503" remote="131775404400000000" Dst="0" />
<file name="DomainKeys_notes.txt" server="ftp.netplin.com/public_html/app/mytest/" local="131633948420394989" remote="131775404400000000" Dst="0" />
<file name="extending.html" server="ftp.netplin.com/public_html/app/mytest/" local="131633948421910451" remote="131775404400000000" Dst="0" />
<file name="faq.html" server="ftp.netplin.com/public_html/app/mytest/" local="131633948425825953" remote="131775404400000000" Dst="0" />
<file name="makedocs2.sh" server="ftp.netplin.com/public_html/app/mytest/" local="131633948430631536" remote="131775404400000000" Dst="0" />
<file name="generatedocs.sh" server="ftp.netplin.com/public_html/app/mytest/" local="131633948428881319" remote="131775404400000000" Dst="0" />
<file name="Note_for_SMTP_debugging.txt" server="ftp.netplin.com/public_html/app/mytest/" local="131633948423335628" remote="131775404400000000" Dst="0" />
<file name="use_gmail.txt" server="ftp.netplin.com/public_html/app/mytest/" local="131633948647306785" remote="131775405000000000" Dst="0" />
<file name="pop3_article.txt" server="ftp.netplin.com/public_html/app/mytest/" local="131633948646036620" remote="131775405000000000" Dst="0" />
</dwsync>