<?xml version="1.0" encoding="utf-8" ?>
<dwsync>
<file name="classes.svg" server="ftp.netplin.com/public_html/" local="131633948446113715" remote="131131116000000000" Dst="0" />
<file name="deprecated.html" server="ftp.netplin.com/public_html/" local="131633948462776803" remote="131131116000000000" Dst="0" />
<file name="errors.html" server="ftp.netplin.com/public_html/" local="131633948465187087" remote="131131116000000000" Dst="0" />
<file name="graph_class.html" server="ftp.netplin.com/public_html/" local="131633948468512504" remote="131131116000000000" Dst="0" />
<file name="index.html" server="ftp.netplin.com/public_html/" local="131633948555274978" remote="131131116000000000" Dst="0" />
<file name="markers.html" server="ftp.netplin.com/public_html/" local="131633948635755342" remote="131131116000000000" Dst="0" />
<file name="structure.xml" server="ftp.netplin.com/public_html/" local="131633948650422172" remote="131131116000000000" Dst="0" />
<file name="classes.svg" server="files.000webhost.com/public_html/" local="131633948446113715" remote="131775265800000000" Dst="0" />
<file name="deprecated.html" server="files.000webhost.com/public_html/" local="131633948462776803" remote="131775265800000000" Dst="0" />
<file name="errors.html" server="files.000webhost.com/public_html/" local="131633948465187087" remote="131775265800000000" Dst="0" />
<file name="graph_class.html" server="files.000webhost.com/public_html/" local="131633948468512504" remote="131775265800000000" Dst="0" />
<file name="index.html" server="files.000webhost.com/public_html/" local="131633948555274978" remote="131775265800000000" Dst="0" />
<file name="markers.html" server="files.000webhost.com/public_html/" local="131633948635755342" remote="131775265800000000" Dst="0" />
<file name="structure.xml" server="files.000webhost.com/public_html/" local="131633948650422172" remote="131775265800000000" Dst="0" />
<file name="classes.svg" server="ftp.netplin.com/public_html/app/mytest/" local="131633948446113715" remote="131775404400000000" Dst="0" />
<file name="deprecated.html" server="ftp.netplin.com/public_html/app/mytest/" local="131633948462776803" remote="131775404400000000" Dst="0" />
<file name="errors.html" server="ftp.netplin.com/public_html/app/mytest/" local="131633948465187087" remote="131775404400000000" Dst="0" />
<file name="graph_class.html" server="ftp.netplin.com/public_html/app/mytest/" local="131633948468512504" remote="131775404400000000" Dst="0" />
<file name="index.html" server="ftp.netplin.com/public_html/app/mytest/" local="131633948555274978" remote="131775405000000000" Dst="0" />
<file name="markers.html" server="ftp.netplin.com/public_html/app/mytest/" local="131633948635755342" remote="131775405000000000" Dst="0" />
<file name="structure.xml" server="ftp.netplin.com/public_html/app/mytest/" local="131633948650422172" remote="131775405000000000" Dst="0" />
</dwsync>