<?xml version="1.0" encoding="utf-8" ?>
<dwsync>
<file name="PHPMailer.html" server="ftp.netplin.com/public_html/" local="131633948436627293" remote="131131116000000000" Dst="0" />
<file name="POP3.html" server="ftp.netplin.com/public_html/" local="131633948437467404" remote="131131116000000000" Dst="0" />
<file name="SMTP.html" server="ftp.netplin.com/public_html/" local="131633948439877702" remote="131131116000000000" Dst="0" />
<file name="phpmailerException.html" server="ftp.netplin.com/public_html/" local="131633948442383027" remote="131131116000000000" Dst="0" />
<file name="phpmailerException.html" server="files.000webhost.com/public_html/" local="131633948442383027" remote="131775265200000000" Dst="0" />
<file name="POP3.html" server="files.000webhost.com/public_html/" local="131633948437467404" remote="131775265800000000" Dst="0" />
<file name="PHPMailer.html" server="files.000webhost.com/public_html/" local="131633948436627293" remote="131775265800000000" Dst="0" />
<file name="SMTP.html" server="files.000webhost.com/public_html/" local="131633948439877702" remote="131775265800000000" Dst="0" />
<file name="phpmailerException.html" server="ftp.netplin.com/public_html/app/mytest/" local="131633948442383027" remote="131775404400000000" Dst="0" />
<file name="POP3.html" server="ftp.netplin.com/public_html/app/mytest/" local="131633948437467404" remote="131775404400000000" Dst="0" />
<file name="SMTP.html" server="ftp.netplin.com/public_html/app/mytest/" local="131633948439877702" remote="131775404400000000" Dst="0" />
<file name="PHPMailer.html" server="ftp.netplin.com/public_html/app/mytest/" local="131633948436627293" remote="131775404400000000" Dst="0" />
</dwsync>