<?xml version="1.0" encoding="utf-8" ?>
<dwsync>
<file name="arrow_down.png" server="ftp.netplin.com/public_html/" local="131633948482914323" remote="131131116000000000" Dst="0" />
<file name="arrow_right.png" server="ftp.netplin.com/public_html/" local="131633948484214474" remote="131131116000000000" Dst="0" />
<file name="class.png" server="ftp.netplin.com/public_html/" local="131633948487669916" remote="131131116000000000" Dst="0" />
<file name="constant.png" server="ftp.netplin.com/public_html/" local="131633948488954040" remote="131131116000000000" Dst="0" />
<file name="favicon.ico" server="ftp.netplin.com/public_html/" local="131633948490314220" remote="131131116000000000" Dst="0" />
<file name="file-php.png" server="ftp.netplin.com/public_html/" local="131633948493889676" remote="131131116000000000" Dst="0" />
<file name="file.gif" server="ftp.netplin.com/public_html/" local="131633948495874925" remote="131131116000000000" Dst="0" />
<file name="folder.gif" server="ftp.netplin.com/public_html/" local="131633948496337598" remote="131131116000000000" Dst="0" />
<file name="function.png" server="ftp.netplin.com/public_html/" local="131633948499933031" remote="131131116000000000" Dst="0" />
<file name="icon-th-big.png" server="ftp.netplin.com/public_html/" local="131633948501733260" remote="131131116000000000" Dst="0" />
<file name="icon-folder-open-big.png" server="ftp.netplin.com/public_html/" local="131633948501793281" remote="131131116000000000" Dst="0" />
<file name="icon_template.svg" server="ftp.netplin.com/public_html/" local="131633948505848775" remote="131131116000000000" Dst="0" />
<file name="interface.png" server="ftp.netplin.com/public_html/" local="131633948507058919" remote="131131116000000000" Dst="0" />
<file name="method.png" server="ftp.netplin.com/public_html/" local="131633948507293951" remote="131131116000000000" Dst="0" />
<file name="ok.png" server="ftp.netplin.com/public_html/" local="131633948514799895" remote="131131116000000000" Dst="0" />
<file name="property.png" server="ftp.netplin.com/public_html/" local="131633948515555003" remote="131131116000000000" Dst="0" />
<file name="search.gif" server="ftp.netplin.com/public_html/" local="131633948516080063" remote="131131116000000000" Dst="0" />
<file name="view_source.png" server="ftp.netplin.com/public_html/" local="131633948520855660" remote="131131116000000000" Dst="0" />
<file name="variable.png" server="ftp.netplin.com/public_html/" local="131633948520995679" remote="131131116000000000" Dst="0" />
<file name="visibility_private.png" server="ftp.netplin.com/public_html/" local="131633948522325837" remote="131131116000000000" Dst="0" />
<file name="visibility_protected.png" server="ftp.netplin.com/public_html/" local="131633948526361341" remote="131131116000000000" Dst="0" />
<file name="visibility_public.png" server="ftp.netplin.com/public_html/" local="131633948527756518" remote="131131116000000000" Dst="0" />
<file name="arrow_down.png" server="files.000webhost.com/public_html/" local="131633948482914323" remote="131775265800000000" Dst="0" />
<file name="arrow_right.png" server="files.000webhost.com/public_html/" local="131633948484214474" remote="131775265800000000" Dst="0" />
<file name="class.png" server="files.000webhost.com/public_html/" local="131633948487669916" remote="131775265800000000" Dst="0" />
<file name="favicon.ico" server="files.000webhost.com/public_html/" local="131633948490314220" remote="131775265800000000" Dst="0" />
<file name="file-php.png" server="files.000webhost.com/public_html/" local="131633948493889676" remote="131775265800000000" Dst="0" />
<file name="constant.png" server="files.000webhost.com/public_html/" local="131633948488954040" remote="131775265800000000" Dst="0" />
<file name="function.png" server="files.000webhost.com/public_html/" local="131633948499933031" remote="131775265800000000" Dst="0" />
<file name="file.gif" server="files.000webhost.com/public_html/" local="131633948495874925" remote="131775265800000000" Dst="0" />
<file name="folder.gif" server="files.000webhost.com/public_html/" local="131633948496337598" remote="131775265800000000" Dst="0" />
<file name="icon-th-big.png" server="files.000webhost.com/public_html/" local="131633948501733260" remote="131775265800000000" Dst="0" />
<file name="icon_template.svg" server="files.000webhost.com/public_html/" local="131633948505848775" remote="131775265800000000" Dst="0" />
<file name="icon-folder-open-big.png" server="files.000webhost.com/public_html/" local="131633948501793281" remote="131775265800000000" Dst="0" />
<file name="ok.png" server="files.000webhost.com/public_html/" local="131633948514799895" remote="131775265800000000" Dst="0" />
<file name="interface.png" server="files.000webhost.com/public_html/" local="131633948507058919" remote="131775265800000000" Dst="0" />
<file name="method.png" server="files.000webhost.com/public_html/" local="131633948507293951" remote="131775265800000000" Dst="0" />
<file name="variable.png" server="files.000webhost.com/public_html/" local="131633948520995679" remote="131775265800000000" Dst="0" />
<file name="property.png" server="files.000webhost.com/public_html/" local="131633948515555003" remote="131775265800000000" Dst="0" />
<file name="search.gif" server="files.000webhost.com/public_html/" local="131633948516080063" remote="131775265800000000" Dst="0" />
<file name="visibility_private.png" server="files.000webhost.com/public_html/" local="131633948522325837" remote="131775265800000000" Dst="0" />
<file name="visibility_protected.png" server="files.000webhost.com/public_html/" local="131633948526361341" remote="131775265800000000" Dst="0" />
<file name="view_source.png" server="files.000webhost.com/public_html/" local="131633948520855660" remote="131775265800000000" Dst="0" />
<file name="visibility_public.png" server="files.000webhost.com/public_html/" local="131633948527756518" remote="131775265800000000" Dst="0" />
<file name="arrow_down.png" server="ftp.netplin.com/public_html/app/mytest/" local="131633948482914323" remote="131775404400000000" Dst="0" />
<file name="arrow_right.png" server="ftp.netplin.com/public_html/app/mytest/" local="131633948484214474" remote="131775404400000000" Dst="0" />
<file name="class.png" server="ftp.netplin.com/public_html/app/mytest/" local="131633948487669916" remote="131775404400000000" Dst="0" />
<file name="constant.png" server="ftp.netplin.com/public_html/app/mytest/" local="131633948488954040" remote="131775404400000000" Dst="0" />
<file name="favicon.ico" server="ftp.netplin.com/public_html/app/mytest/" local="131633948490314220" remote="131775404400000000" Dst="0" />
<file name="file-php.png" server="ftp.netplin.com/public_html/app/mytest/" local="131633948493889676" remote="131775404400000000" Dst="0" />
<file name="folder.gif" server="ftp.netplin.com/public_html/app/mytest/" local="131633948496337598" remote="131775404400000000" Dst="0" />
<file name="function.png" server="ftp.netplin.com/public_html/app/mytest/" local="131633948499933031" remote="131775404400000000" Dst="0" />
<file name="file.gif" server="ftp.netplin.com/public_html/app/mytest/" local="131633948495874925" remote="131775404400000000" Dst="0" />
<file name="icon_template.svg" server="ftp.netplin.com/public_html/app/mytest/" local="131633948505848775" remote="131775404400000000" Dst="0" />
<file name="icon-folder-open-big.png" server="ftp.netplin.com/public_html/app/mytest/" local="131633948501793281" remote="131775404400000000" Dst="0" />
<file name="icon-th-big.png" server="ftp.netplin.com/public_html/app/mytest/" local="131633948501733260" remote="131775404400000000" Dst="0" />
<file name="method.png" server="ftp.netplin.com/public_html/app/mytest/" local="131633948507293951" remote="131775404400000000" Dst="0" />
<file name="ok.png" server="ftp.netplin.com/public_html/app/mytest/" local="131633948514799895" remote="131775404400000000" Dst="0" />
<file name="interface.png" server="ftp.netplin.com/public_html/app/mytest/" local="131633948507058919" remote="131775404400000000" Dst="0" />
<file name="variable.png" server="ftp.netplin.com/public_html/app/mytest/" local="131633948520995679" remote="131775404400000000" Dst="0" />
<file name="property.png" server="ftp.netplin.com/public_html/app/mytest/" local="131633948515555003" remote="131775404400000000" Dst="0" />
<file name="search.gif" server="ftp.netplin.com/public_html/app/mytest/" local="131633948516080063" remote="131775404400000000" Dst="0" />
<file name="visibility_private.png" server="ftp.netplin.com/public_html/app/mytest/" local="131633948522325837" remote="131775404400000000" Dst="0" />
<file name="visibility_protected.png" server="ftp.netplin.com/public_html/app/mytest/" local="131633948526361341" remote="131775404400000000" Dst="0" />
<file name="view_source.png" server="ftp.netplin.com/public_html/app/mytest/" local="131633948520855660" remote="131775404400000000" Dst="0" />
<file name="visibility_public.png" server="ftp.netplin.com/public_html/app/mytest/" local="131633948527756518" remote="131775404400000000" Dst="0" />
</dwsync>