<?xml version="1.0" encoding="utf-8" ?>
<dwsync>
<file name="apple-touch-icon-114x114.png" server="ftp.netplin.com/public_html/" local="131633948471392873" remote="131131116000000000" Dst="0" />
<file name="apple-touch-icon-72x72.png" server="ftp.netplin.com/public_html/" local="131633948472503007" remote="131131116000000000" Dst="0" />
<file name="apple-touch-icon.png" server="ftp.netplin.com/public_html/" local="131633948475673418" remote="131131116000000000" Dst="0" />
<file name="favicon.ico" server="ftp.netplin.com/public_html/" local="131633948476863550" remote="131131116000000000" Dst="0" />
<file name="glyphicons-halflings-white.png" server="ftp.netplin.com/public_html/" local="131633948478313751" remote="131131116000000000" Dst="0" />
<file name="glyphicons-halflings.png" server="ftp.netplin.com/public_html/" local="131633948481649156" remote="131131116000000000" Dst="0" />
<file name="loader.gif" server="ftp.netplin.com/public_html/" local="131633948550099327" remote="131131116000000000" Dst="0" />
<file name="apple-touch-icon-72x72.png" server="files.000webhost.com/public_html/" local="131633948472503007" remote="131775265800000000" Dst="0" />
<file name="apple-touch-icon.png" server="files.000webhost.com/public_html/" local="131633948475673418" remote="131775265800000000" Dst="0" />
<file name="apple-touch-icon-114x114.png" server="files.000webhost.com/public_html/" local="131633948471392873" remote="131775265800000000" Dst="0" />
<file name="favicon.ico" server="files.000webhost.com/public_html/" local="131633948476863550" remote="131775265800000000" Dst="0" />
<file name="glyphicons-halflings.png" server="files.000webhost.com/public_html/" local="131633948481649156" remote="131775265800000000" Dst="0" />
<file name="glyphicons-halflings-white.png" server="files.000webhost.com/public_html/" local="131633948478313751" remote="131775265800000000" Dst="0" />
<file name="loader.gif" server="files.000webhost.com/public_html/" local="131633948550099327" remote="131775265800000000" Dst="0" />
<file name="apple-touch-icon-114x114.png" server="ftp.netplin.com/public_html/app/mytest/" local="131633948471392873" remote="131775404400000000" Dst="0" />
<file name="apple-touch-icon-72x72.png" server="ftp.netplin.com/public_html/app/mytest/" local="131633948472503007" remote="131775404400000000" Dst="0" />
<file name="apple-touch-icon.png" server="ftp.netplin.com/public_html/app/mytest/" local="131633948475673418" remote="131775404400000000" Dst="0" />
<file name="glyphicons-halflings-white.png" server="ftp.netplin.com/public_html/app/mytest/" local="131633948478313751" remote="131775404400000000" Dst="0" />
<file name="favicon.ico" server="ftp.netplin.com/public_html/app/mytest/" local="131633948476863550" remote="131775404400000000" Dst="0" />
<file name="glyphicons-halflings.png" server="ftp.netplin.com/public_html/app/mytest/" local="131633948481649156" remote="131775404400000000" Dst="0" />
<file name="loader.gif" server="ftp.netplin.com/public_html/app/mytest/" local="131633948550099327" remote="131775405000000000" Dst="0" />
</dwsync>