<?xml version="1.0" encoding="utf-8" ?>
<dwsync>
<file name="EasyPeasyICS.php" server="ftp.netplin.com/public_html/" local="131633948652952500" remote="131131116000000000" Dst="0" />
<file name="README.md" server="ftp.netplin.com/public_html/" local="131633948656607947" remote="131131116000000000" Dst="0" />
<file name="htmlfilter.php" server="ftp.netplin.com/public_html/" local="131633948660963506" remote="131131116000000000" Dst="0" />
<file name="class.html2text.inc" server="ftp.netplin.com/public_html/" local="131633948661123523" remote="131131116000000000" Dst="0" />
<file name="ntlm_sasl_client.php" server="ftp.netplin.com/public_html/" local="131633948663743851" remote="131131116000000000" Dst="0" />
<file name="class.html2text.inc" server="files.000webhost.com/public_html/" local="131633948661123523" remote="131775265800000000" Dst="0" />
<file name="htmlfilter.php" server="files.000webhost.com/public_html/" local="131633948660963506" remote="131775265800000000" Dst="0" />
<file name="ntlm_sasl_client.php" server="files.000webhost.com/public_html/" local="131633948663743851" remote="131775265800000000" Dst="0" />
<file name="EasyPeasyICS.php" server="files.000webhost.com/public_html/" local="131633948652952500" remote="131775265800000000" Dst="0" />
<file name="README.md" server="files.000webhost.com/public_html/" local="131633948656607947" remote="131775265800000000" Dst="0" />
<file name="class.html2text.inc" server="ftp.netplin.com/public_html/app/mytest/" local="131633948661123523" remote="131775405000000000" Dst="0" />
<file name="EasyPeasyICS.php" server="ftp.netplin.com/public_html/app/mytest/" local="131633948652952500" remote="131775405000000000" Dst="0" />
<file name="ntlm_sasl_client.php" server="ftp.netplin.com/public_html/app/mytest/" local="131633948663743851" remote="131775405000000000" Dst="0" />
<file name="htmlfilter.php" server="ftp.netplin.com/public_html/app/mytest/" local="131633948660963506" remote="131775405000000000" Dst="0" />
<file name="README.md" server="ftp.netplin.com/public_html/app/mytest/" local="131633948656607947" remote="131775405000000000" Dst="0" />
</dwsync>