<?xml version="1.0" encoding="utf-8" ?>
<dwsync>
<file name="bootstrap-responsive.css" server="ftp.netplin.com/public_html/" local="131633948446153739" remote="131131116000000000" Dst="0" />
<file name="bootstrap-responsive.min.css" server="ftp.netplin.com/public_html/" local="131633948447778937" remote="131131116000000000" Dst="0" />
<file name="jquery.iviewer.css" server="ftp.netplin.com/public_html/" local="131633948454050217" remote="131131116000000000" Dst="0" />
<file name="bootstrap.css" server="ftp.netplin.com/public_html/" local="131633948455580452" remote="131131116000000000" Dst="0" />
<file name="bootstrap.min.css" server="ftp.netplin.com/public_html/" local="131633948457025606" remote="131131116000000000" Dst="0" />
<file name="prettify.css" server="ftp.netplin.com/public_html/" local="131633948459586394" remote="131131116000000000" Dst="0" />
<file name="template.css" server="ftp.netplin.com/public_html/" local="131633948461381611" remote="131131116000000000" Dst="0" />
<file name="bootstrap-responsive.css" server="files.000webhost.com/public_html/" local="131633948446153739" remote="131775265800000000" Dst="0" />
<file name="bootstrap-responsive.min.css" server="files.000webhost.com/public_html/" local="131633948447778937" remote="131775265800000000" Dst="0" />
<file name="jquery.iviewer.css" server="files.000webhost.com/public_html/" local="131633948454050217" remote="131775265800000000" Dst="0" />
<file name="bootstrap.css" server="files.000webhost.com/public_html/" local="131633948455580452" remote="131775265800000000" Dst="0" />
<file name="bootstrap.min.css" server="files.000webhost.com/public_html/" local="131633948457025606" remote="131775265800000000" Dst="0" />
<file name="prettify.css" server="files.000webhost.com/public_html/" local="131633948459586394" remote="131775265800000000" Dst="0" />
<file name="template.css" server="files.000webhost.com/public_html/" local="131633948461381611" remote="131775265800000000" Dst="0" />
<file name="bootstrap-responsive.css" server="ftp.netplin.com/public_html/app/mytest/" local="131633948446153739" remote="131775404400000000" Dst="0" />
<file name="bootstrap-responsive.min.css" server="ftp.netplin.com/public_html/app/mytest/" local="131633948447778937" remote="131775404400000000" Dst="0" />
<file name="bootstrap.css" server="ftp.netplin.com/public_html/app/mytest/" local="131633948455580452" remote="131775404400000000" Dst="0" />
<file name="jquery.iviewer.css" server="ftp.netplin.com/public_html/app/mytest/" local="131633948454050217" remote="131775404400000000" Dst="0" />
<file name="bootstrap.min.css" server="ftp.netplin.com/public_html/app/mytest/" local="131633948457025606" remote="131775404400000000" Dst="0" />
<file name="prettify.css" server="ftp.netplin.com/public_html/app/mytest/" local="131633948459586394" remote="131775404400000000" Dst="0" />
<file name="template.css" server="ftp.netplin.com/public_html/app/mytest/" local="131633948461381611" remote="131775404400000000" Dst="0" />
</dwsync>